from_slug,from_location,to_slug,to_location,distance_km,travel_time,route_terrain,suggested_car,waypoints,unique_desc,popular_drop_point,best_time_to_start,destination_about,top_attractions,internal_link_text,internal_link_url,seo_keywords
kochi-airport,Kochi Airport,munnar,Munnar,110,3.5 Hours,"winding mountain roads, sharp hairpin bends, and steep scenic climbs","Toyota Innova Crysta for premium comfort and stability on hills","Cheeyappara Waterfalls, Valara Waterfalls, and local spice gardens","Experience the ultimate scenic drive from the tropical coast to the misty tea gardens of Munnar. Our expert hill-station drivers ensure a smooth, safe ascent.","Munnar Town Center, Chithirapuram, or your designated resort","Early morning (6 AM - 9 AM) to avoid city traffic and enjoy the misty mountain views","Munnar is Kerala’s most sought-after hill station, perched at an altitude of 1,600 meters in the Western Ghats. Known for its endless expanse of meticulously manicured tea estates, rolling emerald hills, and cool climate, it offers a perfect retreat from the tropical heat.","Don't miss the Eravikulam National Park to spot the endangered Nilgiri Tahr, the Mattupetty Dam for boating, and the Tea Museum to understand the region's rich heritage.","premium Kochi Airport to Alleppey Houseboat taxi service","/24x7-kochi-airport-taxi-service/kochi-airport-to-alleppey-taxi/","kochi to munnar taxi, private cab kochi airport to munnar, best taxi service for munnar trip, innova crysta hire kochi to munnar, munnar sightseeing cab, kochi airport to munnar drop"
kochi-airport,Kochi Airport,alleppey,Alleppey,85,2.5 Hours,"smooth coastal highways (NH66) transitioning into flat urban roads","Maruti Ertiga for families or Swift Dzire for couples","Marari Beach bypass and traditional Kuttanad paddy fields","Transition smoothly from your flight directly to the Venice of the East. We guarantee timely arrivals so you never miss your houseboat departure.","Alleppey Houseboat Finishing Point or local backwater homestays","Morning or early afternoon to align perfectly with standard 12:00 PM houseboat check-ins","Alappuzha, famously known as Alleppey, is the hub of Kerala's backwaters. This enchanting destination is famous for its vast network of tranquil canals, lagoons, and the iconic traditional Kettuvallam houseboats that glide through the waterways.","Must-do activities include an overnight stay in a luxury houseboat, exploring the Marari Beach, and witnessing the rustic village life in the Kuttanad region, known as the rice bowl of Kerala.","comfortable Kochi Airport to Thekkady forest cab transfer","/24x7-kochi-airport-taxi-service/kochi-airport-to-thekkady-taxi/","kochi airport to alleppey taxi, cab for alleppey houseboat, kochi to alappuzha drop, private driver for kerala backwaters, kochi to alleppey taxi fare, ertiga taxi alleppey"
kochi-airport,Kochi Airport,thekkady,Thekkady,150,4.5 Hours,"dense forest roads, elevation changes, and spice plantation routes","Toyota Innova Crysta for spacious legroom on longer journeys","Kuttikkanam misty hills and Pine Forest viewpoints","Embark on a beautiful journey into the heart of Kerala's wildlife sanctuary. Relax in air-conditioned comfort while navigating the lush Western Ghats.","Kumily Town or resorts near Periyar National Park","Early morning to reach before the afternoon wildlife boating sessions","Thekkady is the gateway to the Periyar National Park, one of India's most fascinating wildlife sanctuaries. Immersed in dense evergreen forests and savanna grasslands, it is a haven for nature lovers and wildlife enthusiasts seeking to spot elephants in their natural habitat.","The primary attraction is the Periyar Lake boat safari. Additionally, visitors love the spice plantation tours, elephant bathing experiences, and the traditional Kalaripayattu martial arts shows in Kumily.","scenic Kochi Airport to Munnar hill station taxi","/24x7-kochi-airport-taxi-service/kochi-airport-to-munnar-taxi/","kochi airport to thekkady cab, periyar national park taxi, kochi to kumily drop, innova for thekkady trip, kochi airport to thekkady taxi, kerala wildlife tour cab"
kochi-airport,Kochi Airport,wayanad,Wayanad,250,7.0 Hours,"long highway stretches followed by the famous Thamarassery Churam (hairpin bends)","Toyota Innova Crysta for a long-haul comfortable mountain journey","Kozhikode bypass and Lakkidi Viewpoint","Enjoy a premium, long-distance transfer to the pristine hills of Wayanad. Our experienced drivers easily handle the challenging mountain passes.","Kalpetta, Sulthan Bathery, or Vythiri resorts","Very early morning to cross city limits before peak traffic and enjoy a daylight mountain climb","Wayanad is a lush, forested district in northern Kerala, famous for its spice plantations, wildlife, and indigenous tribal heritage. It sits high on the Western Ghats, offering breathtaking scenery and a cooler climate.","Top sights include the Edakkal Caves with ancient petroglyphs, the serene Pookode Lake, the massive Banasura Sagar Dam, and the Wayanad Wildlife Sanctuary.","Kochi Airport to Kozhikode city transfer","/24x7-kochi-airport-taxi-service/kochi-airport-to-kozhikode-taxi/","kochi to wayanad taxi, kochi airport to wayanad cab, innova kochi to wayanad, wayanad tour packages from kochi, kalpetta taxi drop"
kochi-airport,Kochi Airport,guruvayur,Guruvayur,80,2.5 Hours,"busy national highways (NH66) transitioning into crowded temple town roads","Maruti Ertiga or Innova for family pilgrimage trips","Thrissur bypass and local cultural centers","Experience a punctual, respectful transfer to Kerala's most sacred temple town. We ensure a hassle-free journey for your family's spiritual trip.","East Nada or West Nada near Guruvayur Temple","Late night or very early morning to align with the Nirmalya Darshan timings at the temple","Guruvayur is one of the most sacred pilgrimage centers in South India, home to the historic Guruvayur Sree Krishna Temple. The town revolves around the temple's daily rituals, attracting millions of devotees annually in a spiritually charged atmosphere.","Besides the main temple, devotees visit the Mammiyoor Shiva Temple and the Punnathur Kotta (Anakkotta), an elephant sanctuary housing dozens of temple elephants.","Kochi to Chottanikkara Temple taxi","/24x7-kochi-airport-taxi-service/kochi-airport-to-chottanikkara-taxi/","kochi airport to guruvayur taxi, cab to guruvayur temple, kochi to guruvayur drop, guruvayur devaswom taxi, pilgrimage cab kerala, kochi airport to guruvayur innova"
kochi-airport,Kochi Airport,chottanikkara,Chottanikkara Temple,40,1.5 Hours,"city traffic roads and suburban highways","Swift Dzire for easy maneuvering through suburban Kochi","Kochi city bypass and Tripunithura heritage town","A fast, comfortable ride straight from the airport to the divine Chottanikkara Bhagavathy Temple. Perfect for quick pilgrimage visits.","Main Temple Entrance or nearby Devaswom accommodations","Early morning to attend the Makam Thozhal or morning poojas","Chottanikkara is home to the highly revered Chottanikkara Bhagavathy Temple, a prominent shrine dedicated to the Mother Goddess. It is famous for its powerful spiritual energy and the belief that the Goddess cures mental and physical ailments.","The main attraction is the temple complex itself, including the Keezhkkaavu temple and the daily rituals that draw thousands of seeking devotees.","Kochi Airport to Guruvayur Temple cab","/24x7-kochi-airport-taxi-service/kochi-airport-to-guruvayur-taxi/","kochi airport to chottanikkara taxi, chottanikkara temple cab, kochi to chottanikkara drop, temple tour taxi kochi"
kochi-airport,Kochi Airport,sabarimala-pamba,Pamba (Sabarimala),155,4.5 Hours,"highways followed by dense forest roads and steep ghat sections","Toyota Innova for safety, space, and comfort on the Sabarimala route","Erumeli Sastha Temple and Plappally forest checkpost","Safe and reliable drops to the Pamba base camp for Sabarimala pilgrims. Our drivers are highly experienced with the busy pilgrimage season traffic.","Pamba Base Camp or Nilakkal Parking Hub","Late night to reach Pamba by early morning to begin the hill trek","Pamba is the vital base camp on the banks of the sacred Pamba River, serving as the starting point for the trek to the Sabarimala Ayyappa Temple. It is surrounded by the dense forests of the Periyar Tiger Reserve.","The primary activity is taking a holy dip in the Pamba River before beginning the arduous trek to the Sabarimala Sree Dharma Sastha Temple.","Kochi Airport to Trivandrum cab service","/24x7-kochi-airport-taxi-service/kochi-airport-to-trivandrum-taxi/","kochi airport to pamba taxi, sabarimala base camp cab, kochi to nilakkal drop, innova for sabarimala trip, sabarimala season taxi, kochi to pamba fare"
kochi-airport,Kochi Airport,padmanabhaswamy-temple,Padmanabhaswamy Temple (Trivandrum),230,5.5 Hours,"long national highway (NH66) with heavy coastal traffic","Toyota Innova Crysta for maximum comfort on a long journey","Kollam bypass and Trivandrum city center","A premium intercity transfer from Kochi to the richest temple in the world. Enjoy a spacious, air-conditioned ride down the Kerala coast.","East Fort Entrance near Padmanabhaswamy Temple","Very early morning to avoid daytime highway traffic along NH66","Located in the heart of Thiruvananthapuram, the Sree Padmanabhaswamy Temple is an architectural marvel blending Kerala and Dravidian styles. It gained global fame as the wealthiest place of worship in the world, dedicated to Lord Vishnu.","The temple's intricate stone carvings and the towering Gopuram are must-sees. Nearby attractions include the Napier Museum and the Kuthira Malika Palace.","Kochi Airport to Varkala Beach taxi","/24x7-kochi-airport-taxi-service/kochi-airport-to-varkala-taxi/","kochi to trivandrum taxi, padmanabhaswamy temple cab, kochi airport to thiruvananthapuram drop, intercity taxi kochi to trivandrum"
kochi-airport,Kochi Airport,aster-medcity,Aster Medcity Kochi,25,0.45 Hours,"smooth city highways and the container terminal road","Swift Dzire or Innova depending on patient comfort requirements","Edappally bypass and scenic Cheranalloor backwater bridge","Prompt, comfortable, and stress-free airport transfers specifically for medical tourists arriving for treatment at Aster Medcity.","Aster Medcity Main Reception or Emergency Entrance","Anytime (24x7 service for all incoming medical flights)","Aster Medcity is one of India's most advanced healthcare destinations, situated beautifully on the banks of the Periyar River. It draws thousands of international and domestic patients for complex medical treatments and robotic surgeries.","While primarily a medical hub, its peaceful riverside campus provides a healing environment. It is conveniently close to the Lulu Mall and Edappally center for accompanying family members.","Kochi Airport to Amrita Hospital taxi","/24x7-kochi-airport-taxi-service/kochi-airport-to-amrita-hospital-taxi/","kochi airport to aster medcity taxi, cab for aster medcity kochi, medical tourism taxi kerala, kochi airport hospital transfer, aster hospital drop taxi"
kochi-airport,Kochi Airport,amrita-hospital,Amrita Hospital (AIMS),25,0.45 Hours,"city highways and Edappally toll road","Swift Dzire or Ertiga for family members accompanying patients","Aluva bypass and Edappally Junction","Reliable and fast transportation from the terminal directly to Amrita Hospital. We prioritize smooth driving for the comfort of our medical guests.","Amrita Hospital Main Block or Patient Accommodations","Anytime (24x7 service available for emergencies or scheduled admissions)","Amrita Institute of Medical Sciences (AIMS) is a premier super-specialty hospital in Kochi, renowned for its charitable foundations, advanced transplants, and massive healthcare infrastructure serving thousands daily.","Located in Edappally, the hospital is heavily focused on healthcare, but family members often visit the nearby Oberon Mall or Lulu Mall for necessities and relaxation.","Kochi Airport to Rajagiri Hospital taxi","/24x7-kochi-airport-taxi-service/kochi-airport-to-rajagiri-hospital-taxi/","kochi airport to amrita hospital taxi, aims hospital cab kochi, kochi medical transfer, edappally hospital taxi"
kochi-airport,Kochi Airport,rajagiri-hospital,Rajagiri Hospital Aluva,15,0.30 Hours,"smooth, short suburban roads","Swift Dzire for a quick and cost-effective local transfer","Aluva town center","The absolute fastest and most direct transfer from the airport to Rajagiri Hospital. A smooth, 30-minute ride for medical consultations and admissions.","Rajagiri Hospital Main Entrance Chunangamvely","Anytime (24x7 rapid local taxi service)","Rajagiri Hospital is a state-of-the-art multi-specialty healthcare facility located near Aluva, set in a massive, green, and serene 40-acre campus designed to promote rapid healing and patient well-being.","Situated in the quiet suburbs of Chunangamvely, the area offers a peaceful environment for patients, with easy access to Aluva's riverbanks and town amenities.","Kochi Airport to Aster Medcity cab","/24x7-kochi-airport-taxi-service/kochi-airport-to-aster-medcity-taxi/","kochi airport to rajagiri hospital cab, aluva hospital taxi, fast cab to rajagiri hospital, kochi airport medical drop"
kochi-airport,Kochi Airport,taj-kumarakom,Taj Kumarakom Resort & Spa,80,2.5 Hours,"highway driving followed by narrow, scenic lakeside village roads","Toyota Innova Crysta for luxury resort transfers","Vembanad Lake viewpoints and bird sanctuary outskirts","Start your luxury vacation the moment you land. Our premium chauffeurs will whisk you away to the world-renowned Taj Kumarakom in absolute comfort.","Taj Kumarakom Resort Main Lobby","Morning or afternoon to enjoy the scenic lakeside drive upon arrival","The Taj Kumarakom Resort & Spa is a 5-star luxury heritage property set on the eastern banks of Vembanad Lake. Originally a colonial bungalow built in 1881, it offers an incredibly opulent backwater experience.","Guests enjoy private sunset cruises on the lake, Ayurvedic spa treatments, and immediate access to the neighboring Kumarakom Bird Sanctuary.","Kochi Airport to Zuri Kumarakom taxi","/24x7-kochi-airport-taxi-service/kochi-airport-to-zuri-kumarakom-taxi/","kochi airport to taj kumarakom taxi, luxury cab for kumarakom resorts, innova to taj kumarakom, kochi airport resort transfer"
kochi-airport,Kochi Airport,grand-hyatt-kochi,Grand Hyatt Kochi Bolgatty,35,1.0 Hours,"city toll roads and scenic island bridges","Toyota Innova Crysta or Swift Dzire depending on luggage","Marine Drive and Bolgatty Island bridge","Skip the city traffic and cross the scenic bridge directly to the Grand Hyatt. The perfect premium transfer for business travelers and luxury vacationers.","Grand Hyatt Kochi Bolgatty Main Entrance","Anytime (24x7 service for all corporate and VIP arrivals)","The Grand Hyatt Kochi Bolgatty is a spectacular waterfront urban resort overlooking the Vembanad Lake. It is Kochi's premier destination for luxury stays, international conferences, and opulent destination weddings.","Located on Bolgatty Island, guests can easily visit the historic Bolgatty Palace, explore the Lulu International Convention Center, or take a short ferry to Fort Kochi.","Kochi Airport to Fort Kochi heritage taxi","/24x7-kochi-airport-taxi-service/kochi-airport-to-fort-kochi-taxi/","kochi airport to grand hyatt taxi, bolgatty island cab, luxury hotel transfer kochi, innova for grand hyatt kochi"
kochi-airport,Kochi Airport,leela-kovalam,The Leela Kovalam,230,5.5 Hours,"long coastal highway (NH66) requiring a comfortable vehicle","Toyota Innova Crysta for premium long-haul comfort","Kollam Backwaters and Trivandrum City bypass","A long, luxurious coastal drive from Kochi straight to India's finest cliffside beach resort. Sit back, relax, and enjoy the premium VIP service.","The Leela Kovalam (Raviz) Reception","Very early morning or late night to bypass heavy daytime traffic","The Leela Kovalam (now The Raviz Kovalam) is India’s only cliff-top beach resort, offering breathtaking panoramic views of the Arabian Sea. It is the epitome of luxury, famous for its private beaches and world-class infinity pools.","Guests can step directly onto the pristine Kovalam Beach, visit the iconic Vizhinjam Lighthouse, and experience authentic, high-end Ayurvedic therapies.","Kochi Airport to Varkala Cliff taxi","/24x7-kochi-airport-taxi-service/kochi-airport-to-varkala-taxi/","kochi airport to leela kovalam taxi, kovalam resort cab, luxury taxi to trivandrum resorts, innova kochi to kovalam"
kochi-airport,Kochi Airport,zuri-kumarakom,The Zuri Kumarakom Resort,80,2.5 Hours,"highway driving followed by narrow lakeside roads","Toyota Innova Crysta for a spacious and luxurious ride","Vembanad Lake shores and local paddy fields","A seamless, luxurious journey from the tarmac to your private villa. Let our professional chauffeurs navigate the backwater roads while you relax.","The Zuri Kumarakom Main Lobby","Morning or afternoon to align with standard hotel check-in times","The Zuri Kumarakom is a lavish 5-star resort sprawling across 18 acres on the shores of Vembanad Lake. It is celebrated for its Maya Spa, which is one of the largest and most awarded Ayurvedic spas in South India.","Aside from the world-class spa, visitors can enjoy private lagoon boating, sunset cruises on the lake, and exploring the serene Kumarakom Bird Sanctuary.","Kochi Airport to Taj Kumarakom taxi","/24x7-kochi-airport-taxi-service/kochi-airport-to-taj-kumarakom-taxi/","kochi airport to zuri kumarakom taxi, zuri resort cab kochi, luxury transfer to kumarakom, premium taxi for backwater resorts"
kochi-airport,Kochi Airport,fort-kochi,Fort Kochi,45,1.5 Hours,"busy urban city traffic, toll roads, and historic bridges","Swift Dzire or Etios for easy navigation through narrow heritage streets","Marine Drive, Willingdon Island, and the harbor bridges","Skip the confusing city traffic and head straight to the heritage zone. A perfect, quick transfer to kick off your cultural Kerala itinerary.","Princess Street, Parade Ground, or boutique heritage hotels","Anytime (24x7 service), though late evening offers the fastest travel time","Fort Kochi is a charming seaside heritage town known for its unique blend of Dutch, Portuguese, and British colonial architecture. It is the cultural heart of Kochi, famous for its vibrant art scene and laid-back cafes.","The iconic Chinese Fishing Nets are a must-see, along with the historic St. Francis Church, the Santa Cruz Basilica, and the bustling antique shops of Jew Town in Mattancherry.","Kochi Airport to Cherai Beach taxi","/24x7-kochi-airport-taxi-service/kochi-airport-to-cherai-beach-taxi/","kochi airport to fort kochi taxi, cab to fort kochi beach, heritage tour taxi kochi, kochi airport to mattancherry drop"
kochi-airport,Kochi Airport,cherai-beach,Cherai Beach,25,0.45 Hours,"smooth coastal village roads and backwater bridges","Swift Dzire or Ertiga for family beach trips","North Paravur bypass and serene backwater crossings","Touch down and head straight to the beach! A short, beautiful drive across the backwaters to one of Kochi's most pristine and family-friendly beaches.","Cherai Beach resorts or main beach walkway","Anytime, perfect for watching the sunset upon arrival","Cherai Beach is a unique, picturesque destination where the tranquil Kerala backwaters meet the roaring Arabian Sea. Located on Vypin Island, it boasts a long, clean coastline perfect for swimming and sunbathing.","Visitors love watching the dolphins, exploring the Munambam Breakwater, and enjoying fresh local seafood at the numerous beachside shacks and resorts.","Kochi Airport to Fort Kochi cab","/24x7-kochi-airport-taxi-service/kochi-airport-to-fort-kochi-taxi/","kochi airport to cherai beach taxi, cherai resort cab, vypin island taxi service, beach drop kochi airport"
kochi-airport,Kochi Airport,athirappilly,Athirappilly Waterfalls,40,1.5 Hours,"smooth state highways followed by winding, dense forest roads","Swift Dzire or Ertiga for a quick and comfortable forest drive","Thumboormuzhi Dam, Butterfly Park, and oil palm plantations","Take a short, breathtaking trip to the 'Niagara of India.' Our local drivers know the forest routes safely, allowing you to enjoy the lush canopy.","Athirappilly Waterfalls entrance or nearby rainforest resorts","Early morning to beat the tourist crowds at the waterfalls","Athirappilly is home to Kerala’s most magnificent waterfall, plunging 80 feet through the dense Sholayar rainforest. The surrounding jungle is a biodiversity hotspot, famously featured in numerous blockbuster Indian films like 'Baahubali'.","The majestic waterfalls are the main draw, alongside the nearby Vazhachal Waterfalls and the tranquil Thumboormuzhi Butterfly Garden on the Chalakudy River.","Kochi Airport to Munnar hill station taxi","/24x7-kochi-airport-taxi-service/kochi-airport-to-munnar-taxi/","kochi airport to athirappilly taxi, cab to athirappilly waterfalls, chalakudy forest taxi, kerala waterfalls cab service"
kochi-airport,Kochi Airport,varkala,Varkala Beach,200,5.0 Hours,"long stretches of national highway (NH66) with heavy coastal traffic","Toyota Innova Crysta for maximum comfort on a 5-hour journey","Kollam Backwaters and Krishnapuram Palace","Sit back for a premium, long-haul coastal transfer down to Kerala's most famous cliffside beach. A spacious vehicle makes this long drive effortless.","Varkala North Cliff, South Cliff, or Helipad area","Very early morning or late night to bypass heavy daytime highway traffic","Varkala is a unique coastal town in southern Kerala where stunning red laterite cliffs plunge directly into the Arabian Sea. It is a hippie haven known for its laid-back vibe, surf schools, and yoga retreats.","The Varkala Cliff and Papanasam Beach are the focal points. Visitors also flock to the ancient 2,000-year-old Janardanaswamy Temple and the serene Sivagiri Mutt.","Kochi Airport to Trivandrum cab","/24x7-kochi-airport-taxi-service/kochi-airport-to-trivandrum-taxi/","kochi airport to varkala taxi, cab to varkala cliff, varkala beach resort drop, long distance taxi kochi to varkala"
kochi-airport,Kochi Airport,vagamon,Vagamon,100,3.5 Hours,"steep inclines, sharp curves, and high-altitude misty terrain","Toyota Innova Crysta for power and safety on steep mountain roads","Pine Valley outskirts and Illikkal Kallu viewpoints","Travel safely into Kerala's untouched, misty meadows. This route requires skilled driving, and our verified chauffeurs are trained for these exact hills.","Vagamon Meadows area or remote eco-resorts","Daylight hours only (before 4 PM) as heavy mist reduces visibility at night","Vagamon is an offbeat, tranquil hill station known for its rolling green pine forests, sprawling meadows, and mist-covered valleys. It remains much less commercialized than Munnar, offering a pristine escape into nature.","Adventure seekers love paragliding over the Vagamon Meadows. The Pine Valley, Kurisumala Ashram, and the sheer drop at suicide point (Mooppan Para) are highly popular.","Kochi Airport to Thekkady taxi","/24x7-kochi-airport-taxi-service/kochi-airport-to-thekkady-taxi/","kochi airport to vagamon taxi, cab to vagamon hills, innova for vagamon trip, offbeat kerala hill station taxi"
kochi-airport,Kochi Airport,marari,Marari Beach,75,2.0 Hours,"straight coastal highways (NH66) and narrow beach access roads","Swift Dzire or Ertiga for couples and small families","Arthunkal Church and serene coastal fishing villages","Head straight from the tarmac to the tranquil white sands of Marari. A fast, straightforward transfer perfect for recovering from jet lag.","Mararikulam beach resorts and private villas","Anytime (24x7 service available for all flight arrivals)","Marari (Mararikulam) is a peaceful, secluded fisherman's village that has transformed into an eco-friendly beach destination. It offers a pristine, untouched alternative to the busier commercial beaches of Kerala.","Relaxing by the Arabian sea is the main agenda, though many guests enjoy cycling through the local village, visiting traditional coir-making units, and experiencing Ayurvedic therapies.","Kochi Airport to Alleppey taxi","/24x7-kochi-airport-taxi-service/kochi-airport-to-alleppey-taxi/","kochi airport to marari beach taxi, mararikulam resort cab, beach drop kochi airport, peaceful kerala beach taxi"
kochi-airport,Kochi Airport,trivandrum,Thiruvananthapuram (Trivandrum),220,5.5 Hours,"long coastal highway (NH66) requiring a comfortable vehicle","Toyota Innova Crysta for premium long-haul comfort","Kollam city bypass and Attingal","A reliable, intercity premium cab service connecting Kerala's commercial hub to its capital city. Perfect for corporate travel, political visits, or southern tours.","Trivandrum City Center, Secretariat, or local hotels","Very early morning or late night to bypass heavy daytime traffic","Thiruvananthapuram, or Trivandrum, is the capital city of Kerala. It is a major academic, political, and IT hub, beautifully balancing its rich royal heritage with rapid modern development.","The city is famous for the Padmanabhaswamy Temple, the Napier Museum, the adjacent Zoo, and the magnificent Kuthira Malika Palace built by the Travancore kings.","Kochi Airport to Varkala taxi","/24x7-kochi-airport-taxi-service/kochi-airport-to-varkala-taxi/","kochi to trivandrum taxi, kochi airport to thiruvananthapuram cab, intercity taxi kerala, innova to trivandrum"
kochi-airport,Kochi Airport,calicut,Kozhikode (Calicut),160,4.5 Hours,"coastal highway (NH66) moving northwards through bustling towns","Toyota Innova Crysta or Ertiga for a smooth highway journey","Kodungallur, Guruvayur bypass, and Ponnani","Travel north along the Malabar coast with our expert intercity drivers. We ensure a safe, comfortable journey to the culinary capital of Kerala.","Kozhikode City Center, Cyberpark, or Calicut Beach hotels","Early morning to navigate through the busy NH66 intersections smoothly","Kozhikode, historically known as Calicut, is the legendary city where Vasco da Gama first landed in 1498. Today, it is the bustling heart of the Malabar region, famous for its warm hospitality, historic spice trade, and world-class culinary scene.","Food lovers flock here for authentic Malabar Biryani. Key sights include Calicut Beach, Mananchira Square, and the historic SM Street (Mittai Theruvu).","Kochi Airport to Wayanad taxi","/24x7-kochi-airport-taxi-service/kochi-airport-to-wayanad-taxi/","kochi to calicut taxi, kochi airport to kozhikode cab, malabar tour taxi, intercity cab kochi to calicut"
kochi-airport,Kochi Airport,thrissur,Thrissur,50,1.5 Hours,"smooth 4-lane national highway (NH544)","Swift Dzire for a quick and cost-effective intercity transfer","Chalakudy and Kodakara bypass","A fast, highly efficient airport transfer to the cultural capital of Kerala. Smooth highway driving ensures you reach Thrissur in just over an hour.","Thrissur Swaraj Round or major city hotels","Anytime (24x7 service for quick city transfers)","Thrissur is widely known as the Cultural Capital of Kerala, deeply rooted in traditions, arts, and festivals. It is globally famous for hosting the spectacular Thrissur Pooram festival, a grand display of elephants and percussion.","The Vadakkunnathan Temple sits at the center of the city's massive Swaraj Round. Other attractions include the Shakthan Thampuran Palace and the Thrissur Zoo.","Kochi Airport to Guruvayur taxi","/24x7-kochi-airport-taxi-service/kochi-airport-to-guruvayur-taxi/","kochi airport to thrissur taxi, cab to thrissur town, kochi to thrissur drop, cultural capital taxi kerala"
kochi-airport,Kochi Airport,kottayam,Kottayam,80,2.5 Hours,"state highways passing through rubber plantations and towns","Swift Dzire or Ertiga for standard family travel","Muvattupuzha and Ettumanoor","Enjoy a scenic drive through the rubber heartland of Kerala. A highly reliable drop service for both business travelers and families visiting central Kerala.","Kottayam City Center or local rubber estates","Anytime, though daytime offers scenic views of the plantations","Kottayam is a major trading hub for natural rubber and spices, famously known as the 'City of Letters' for its high literacy rate and publishing industry. It is surrounded by lush green landscapes and winding backwaters.","The city is a gateway to Kumarakom. Within the town, the ancient Thirunakkara Mahadeva Temple and the historic St. Mary's Orthodox Syrian Church are major landmarks.","Kochi Airport to Kumarakom taxi","/24x7-kochi-airport-taxi-service/kochi-airport-to-kumarakom-taxi/","kochi to kottayam taxi, kochi airport to kottayam cab, central kerala taxi service, rubber city cab kochi"
kochi-airport,Kochi Airport,kannur,Kannur,250,7.0 Hours,"long stretches of northern coastal highway (NH66)","Toyota Innova Crysta for maximum comfort on a long journey","Calicut bypass, Vadakara, and Thalassery","A premium, long-haul journey to the land of looms and lore. Our spacious vehicles guarantee you will not feel the fatigue of this 7-hour coastal drive.","Kannur City Center, Payyambalam Beach, or Handloom villages","Very early morning to bypass daytime traffic in major Malabar towns","Kannur is a vibrant coastal city in northern Kerala, famous for its ancient ritualistic Theyyam performances, pristine beaches, and its historical significance in the handloom weaving industry.","Must-visit spots include the historic St. Angelo Fort built by the Portuguese, the expansive Payyambalam Beach, and the Muzhappilangad Drive-in Beach.","Kochi Airport to Kozhikode taxi","/24x7-kochi-airport-taxi-service/kochi-airport-to-kozhikode-taxi/","kochi to kannur taxi, kochi airport to kannur cab, long distance taxi to malabar, theyyam tour cab kerala"
kochi-airport,Kochi Airport,palakkad,Palakkad,110,2.5 Hours,"smooth multi-lane national highway (NH544)","Swift Dzire or Ertiga for a fast highway cruise","Thrissur bypass, Kuthiran Tunnel, and Alathur","A rapid, smooth highway transfer to the gateway of Kerala. We utilize the new tunnel routes to drastically cut down travel time and ensure your comfort.","Palakkad Fort, City Center, or nearby Ayurvedic centers","Anytime (24x7 highway service)","Palakkad is known as the 'Gateway of Kerala,' geographically situated at the foot of the Western Ghats. It is famous for its vast, scenic paddy fields, ancient forts, and rich agricultural heritage.","The beautifully preserved Tipu Sultan's Fort (Palakkad Fort) is a major draw, along with the scenic Malampuzha Dam, gardens, and the Silent Valley National Park nearby.","Kochi Airport to Thrissur taxi","/24x7-kochi-airport-taxi-service/kochi-airport-to-thrissur-taxi/","kochi to palakkad taxi, kochi airport to palakkad cab, highway taxi to palakkad, gateway of kerala cab"
kochi-airport,Kochi Airport,bekal,Bekal,330,9.0 Hours,"extremely long coastal highway spanning the entire state","Toyota Innova Crysta is mandatory for this long-haul VIP transfer","Kozhikode, Kannur bypass, and Kasaragod","The ultimate cross-state premium transfer. Travel from central Kerala to the far north in complete air-conditioned luxury with our most experienced highway chauffeurs.","Bekal Fort area or luxury resorts like Taj Bekal","Very early morning to cover maximum distance during non-peak hours","Bekal is a small, incredibly scenic town in the Kasaragod district of northernmost Kerala. It has gained international fame for its massive, beautifully preserved laterite fort and pristine, uncrowded luxury beach resorts.","The iconic, keyhole-shaped Bekal Fort overlooking the Arabian Sea is the star attraction. Visitors also enjoy the tranquil Bekal beach and local backwater cruises.","Kochi Airport to Kannur taxi","/24x7-kochi-airport-taxi-service/kochi-airport-to-kannur-taxi/","kochi to bekal taxi, kochi airport to bekal fort cab, taj bekal taxi service, luxury cab cross state kerala"
kochi-airport,Kochi Airport,poovar,Poovar Island,240,6.0 Hours,"long coastal highway (NH66) passing through Trivandrum","Toyota Innova Crysta for premium long-haul comfort","Kollam, Trivandrum bypass, and Kovalam outskirts","A luxurious, long-distance ride to the southern tip of Kerala. Relax as our drivers take you safely to the boat transfer points for Poovar's island resorts.","Poovar boat jetty for island resort transfers","Very early morning to bypass Trivandrum city traffic","Poovar is an isolated, breathtaking tropical island located at the southern tip of Kerala, where the Neyyar River empties into the Arabian Sea. It is famous for its golden sand beaches and floating cottages.","The main activity is taking a boat cruise through the thick mangrove forests and estuary. It is a highly secluded spot, perfect for romantic honeymoons and wellness retreats.","Kochi Airport to Kovalam taxi","/24x7-kochi-airport-taxi-service/kochi-airport-to-leela-kovalam-taxi/","kochi airport to poovar taxi, poovar island resort cab, trivandrum beach cab, long distance taxi to poovar"
kochi-airport,Kochi Airport,ponmudi,Ponmudi Hills,260,6.5 Hours,"long highway stretch followed by 22 hairpin bends","Toyota Innova Crysta for navigating steep curves safely","Trivandrum bypass and Nedumangad","A thrilling, scenic drive from the airport to the golden peaks of southern Kerala. Trust our verified drivers to safely navigate the famous 22 hairpin bends to the top.","Ponmudi Upper Sanatorium or KTDC Golden Peak Resort","Early morning to reach before the afternoon hill mist sets in","Ponmudi, meaning 'The Golden Peak', is a stunning hill station near Trivandrum. Unlike the tea gardens of Munnar, Ponmudi is characterized by lush green meadows, winding trails, and thick tropical forests.","The drive itself, featuring 22 hairpin bends, is a major attraction. Visitors love the Kallar River, Meenmutty Falls, and the breathtaking views from the Upper Sanatorium.","Kochi Airport to Trivandrum taxi","/24x7-kochi-airport-taxi-service/kochi-airport-to-trivandrum-taxi/","kochi to ponmudi taxi, kochi airport to ponmudi cab, trivandrum hill station taxi, innova to ponmudi hills"
kochi-airport,Kochi Airport,kims-health-trivandrum,KIMS Health Trivandrum,220,5.0 Hours,"long stretch of NH66 with moderate to heavy coastal traffic","Toyota Innova Crysta for patient comfort and legroom on long journeys","Kollam bypass and Attingal town","A stress-free and smooth transfer to one of Kerala's most renowned multi-specialty hospitals. We prioritize careful driving for all medical transfers.","KIMS Health Main Entrance or Emergency Ward","Very early morning or late night to ensure the patient reaches safely without traffic delays","KIMS Health in Trivandrum is a leading healthcare destination in South India, renowned for its advanced medical facilities, highly experienced doctors, and multi-disciplinary treatments. It attracts a large number of medical tourists from across the globe.","While primarily a medical facility, the hospital is well-equipped with patient-friendly amenities. Relatives often visit nearby Trivandrum city attractions like the Napier Museum during extended stays.","Kochi Airport to Aster Medcity taxi","/24x7-kochi-airport-taxi-service/kochi-airport-to-aster-medcity-taxi/","kochi airport to kims trivandrum taxi, kims health cab, medical transfer kochi to trivandrum, patient taxi to kims hospital"
kochi-airport,Kochi Airport,caritas-hospital-kottayam,Caritas Hospital Kottayam,95,2.5 Hours,"smooth national highway followed by state roads","Maruti Ertiga or Innova depending on patient needs","Muvattupuzha and Ettumanoor","Direct and comfortable taxi service from the airport to Caritas Hospital. Our drivers are trained to handle medical passengers with the utmost care.","Caritas Hospital Main Reception block","Anytime (24x7 service for medical emergencies or scheduled appointments)","Caritas Hospital is a premier healthcare institution in central Kerala, located near Kottayam. Known for its compassionate care and advanced oncology, cardiology, and neurology departments, it serves thousands of patients daily.","The hospital provides excellent on-campus facilities for bystanders. It is conveniently located near Kottayam town and the famous Ettumanoor Mahadeva Temple.","Kochi Airport to Amrita Hospital taxi","/24x7-kochi-airport-taxi-service/kochi-airport-to-amrita-hospital-taxi/","kochi airport to caritas hospital taxi, caritas hospital cab, kottayam medical tourism taxi, kochi airport patient transfer"
kochi-airport,Kochi Airport,jubilee-mission-thrissur,Jubilee Mission Hospital Thrissur,55,1.5 Hours,"fast 4-lane national highway (NH544)","Swift Dzire for a quick and smooth intercity medical run","Chalakudy and Thrissur bypass","Fast, safe, and highly reliable airport transfers to Jubilee Mission Hospital. We use the quickest highway routes to ensure timely medical admissions.","Jubilee Mission Main Entrance or Casualty","Anytime (24x7 fast highway medical transfer service)","Jubilee Mission Medical College and Research Institute is a major super-specialty hospital in Thrissur. It is highly regarded for its trauma care, burn unit, and comprehensive medical education programs.","The hospital is situated close to the heart of Thrissur city, allowing bystanders easy access to the Vadakkunnathan Temple and the bustling Swaraj Round for their needs.","Kochi Airport to Rajagiri Hospital taxi","/24x7-kochi-airport-taxi-service/kochi-airport-to-rajagiri-hospital-taxi/","kochi airport to jubilee mission taxi, jubilee hospital thrissur cab, medical taxi kochi to thrissur, fast hospital cab"
kochi-airport,Kochi Airport,believers-church-hospital-thiruvalla,Believers Church Medical College Hospital Thiruvalla,120,3.0 Hours,"state highways passing through multiple central Kerala towns","Toyota Innova Crysta for a smooth ride over suburban roads","Muvattupuzha, Koothattukulam, and Changanassery","A comfortable and direct cab service from the terminal to one of Pathanamthitta district's finest hospitals. Ideal for NRI medical arrivals.","Main Hospital Reception or NRI Patient Lounge","Early morning to avoid the heavy daytime traffic in central Kerala towns","Believers Church Medical College Hospital is a state-of-the-art healthcare facility in Thiruvalla. It offers world-class medical treatments, advanced surgical procedures, and is highly preferred by NRIs returning for healthcare.","Situated in the serene town of Thiruvalla, the hospital campus is massive. Bystanders often visit the nearby Sree Vallabha Temple or the tranquil backwaters of western Thiruvalla.","Kochi Airport to Kottayam taxi","/24x7-kochi-airport-taxi-service/kochi-airport-to-kottayam-taxi/","kochi airport to believers church hospital taxi, thiruvalla hospital cab, medical tourism kerala cab, nri hospital taxi thiruvalla"
kochi-airport,Kochi Airport,kumarakom-lake-resort,Kumarakom Lake Resort,80,2.0 Hours,"highway driving followed by narrow, scenic lakeside village roads","Toyota Innova Crysta for a premium luxury resort transfer","Vembanad Lake viewpoints and bird sanctuary outskirts","Start your luxury backwater vacation the moment you land. Our premium chauffeurs will whisk you away to the world-renowned Kumarakom Lake Resort in absolute comfort.","Kumarakom Lake Resort Main Lobby","Morning or afternoon to enjoy the scenic lakeside drive upon arrival","Kumarakom Lake Resort is a multi-award-winning 5-star luxury heritage property set on the eastern banks of Vembanad Lake. It is celebrated globally, having even hosted international royalty and dignitaries.","Guests enjoy private sunset cruises on the lake, world-class Ayurvedic spa treatments at the Ayurmana, and immediate access to the neighboring Kumarakom Bird Sanctuary.","Kochi Airport to Taj Kumarakom taxi","/24x7-kochi-airport-taxi-service/kochi-airport-to-taj-kumarakom-taxi/","kochi airport to kumarakom lake resort taxi, luxury cab for kumarakom resorts, innova to lake resort, kochi airport resort transfer"
kochi-airport,Kochi Airport,the-raviz-ashtamudi,The Raviz Ashtamudi Kollam,160,4.0 Hours,"long stretches of national highway (NH66) with heavy coastal traffic","Toyota Innova Crysta for maximum comfort on a 4-hour journey","Alappuzha bypass and Kayamkulam","A seamless, luxurious journey down the coast to the majestic Raviz Ashtamudi. Let our professional chauffeurs navigate the highway while you relax.","The Raviz Ashtamudi Main Reception","Very early morning or late night to bypass heavy daytime highway traffic","The Raviz Ashtamudi is a spectacular 5-star luxury resort situated on the banks of the serene Ashtamudi Lake in Kollam. Its architecture elegantly blends traditional Kerala timber work with modern luxury.","The resort offers incredible houseboat dining experiences, a massive infinity pool overlooking the lake, and authentic Ayurvedic wellness therapies at their renowned spa.","Kochi Airport to Leela Kovalam taxi","/24x7-kochi-airport-taxi-service/kochi-airport-to-leela-kovalam-taxi/","kochi airport to raviz ashtamudi taxi, kollam resort cab, luxury transfer to ashtamudi lake, premium taxi for raviz hotel"
kochi-airport,Kochi Airport,spice-village-thekkady,Spice Village Thekkady,150,4.5 Hours,"dense forest roads, elevation changes, and spice plantation routes","Toyota Innova Crysta for spacious legroom on mountain curves","Kuttikkanam misty hills and Pine Forest viewpoints","Embark on a beautiful journey into the heart of Kerala's wildlife sanctuary. Relax in air-conditioned comfort while navigating to this eco-friendly luxury resort.","Spice Village CGH Earth Main Lobby","Early morning to reach before the afternoon wildlife boating sessions","Spice Village, a CGH Earth property, is an eco-friendly tribal-themed luxury resort in Thekkady. It is modeled after the dwellings of the native Manan tribe and is deeply committed to sustainable luxury and organic living.","Guests are perfectly positioned to explore the Periyar National Park, take guided spice plantation tours, and enjoy organic dining sourced directly from the resort's gardens.","Kochi Airport to Munnar hill station taxi","/24x7-kochi-airport-taxi-service/kochi-airport-to-munnar-taxi/","kochi airport to spice village taxi, thekkady resort cab, cgh earth thekkady taxi, innova for spice village, kerala wildlife resort cab"
kochi-airport,Kochi Airport,ambalappuzha-sree-krishna-temple,Ambalappuzha Sree Krishna Temple,105,2.5 Hours,"smooth coastal highways (NH66)","Maruti Ertiga or Swift Dzire for family pilgrimage trips","Alappuzha town bypass and coastal stretches","Experience a punctual and respectful transfer to one of Kerala's most famous Krishna temples. We ensure a comfortable journey for your family's spiritual trip.","Temple Main Entrance (East Nada)","Early morning to attend the morning poojas and taste the famous Palpayasam","The Ambalappuzha Sree Krishna Temple is a highly revered Hindu temple built in the 17th century. It is famous globally for its 'Ambalappuzha Palpayasam', a uniquely delicious sweet milk porridge offered to the deity.","Devotees come primarily for the darshan of Lord Krishna and the sacred Palpayasam. The temple is also renowned for its beautiful traditional Kerala temple architecture and the annual Arattu festival.","Kochi Airport to Guruvayur Temple taxi","/24x7-kochi-airport-taxi-service/kochi-airport-to-guruvayur-taxi/","kochi airport to ambalappuzha taxi, ambalappuzha temple cab, kochi to ambalappuzha drop, kerala temple tour taxi, palpayasam temple cab"
kochi-airport,Kochi Airport,vaikom-mahadeva-temple,Vaikom Mahadeva Temple,55,1.5 Hours,"suburban roads and scenic backwater bridges","Swift Dzire or Ertiga for quick and comfortable travel","Tripunithura and Poothotta backwater stretch","A fast, comfortable ride straight from the airport to the historic Vaikom Mahadeva Temple. Perfect for quick pilgrimage visits in central Kerala.","Temple West or East Nada","Early morning to participate in the sacred Ashtami festival rituals if visiting in November/December","The Vaikom Mahadeva Temple is one of the oldest and most revered Shiva temples in Kerala. It holds immense historical significance, heavily associated with the Vaikom Satyagraha movement, and is famous for its grand Vaikathashtami festival.","The massive temple courtyard, the ancient architecture, and the sacred 'Annadanam' (free food offering) are major highlights for visiting devotees.","Kochi Airport to Chottanikkara Temple taxi","/24x7-kochi-airport-taxi-service/kochi-airport-to-chottanikkara-taxi/","kochi airport to vaikom temple taxi, vaikom mahadeva cab, kochi to vaikom drop, shiva temple taxi kerala"
kochi-airport,Kochi Airport,ettumanoor-mahadeva-temple,Ettumanoor Mahadeva Temple,80,2.5 Hours,"state highways passing through central Kerala towns","Swift Dzire or Innova depending on family size","Muvattupuzha and Kuravilangad","Reliable and respectful transportation directly to the powerful Ettumanoor Mahadeva Temple. We prioritize a smooth ride for families and senior pilgrims.","Temple Main Entrance","Early morning to witness the daily rituals and avoid daytime heat","The Ettumanoor Mahadeva Temple is an ancient and powerful shrine dedicated to Lord Shiva. It is highly famous for its exquisite mural paintings, intricate wood carvings, and the legendary 'Ezharaponnana' (seven and a half golden elephants) display during its annual festival.","Devotees flock to see the magnificent murals, particularly the one depicting Nataraja. The temple's grand architecture and the spiritual ambiance offer a profound pilgrimage experience.","Kochi Airport to Vaikom Temple taxi","/24x7-kochi-airport-taxi-service/kochi-airport-to-vaikom-temple-taxi/","kochi airport to ettumanoor taxi, ettumanoor temple cab, kottayam temple tour taxi, shiva temple drop kochi"
kochi-airport,Kochi Airport,jatayu-earth-center,Jatayu Earth Center,145,3.5 Hours,"national highway (NH66) followed by inland state roads","Toyota Innova Crysta for comfort on the highway and inland turns","Kollam bypass and Kottarakkara","A premium intercity transfer from Kochi to the world's largest bird sculpture. Enjoy a spacious, air-conditioned ride to this incredible mountaintop destination.","Jatayu Earth Center Cable Car Boarding Point","Early morning to reach the center before the intense afternoon sun","Jatayu Earth's Center is a sprawling nature park and tourism center in Chadayamangalam. It holds the Guinness World Record for the largest bird sculpture in the world, depicting the mythical bird Jatayu from the Ramayana, perched dramatically on a massive rocky peak.","Visitors can take a state-of-the-art Swiss cable car to the top, explore the massive sculpture which houses a multi-level museum, and partake in various adventure activities like rock climbing and ziplining.","Kochi Airport to Trivandrum cab service","/24x7-kochi-airport-taxi-service/kochi-airport-to-trivandrum-taxi/","kochi airport to jatayu earth center taxi, jatayu nature park cab, kochi to chadayamangalam drop, world largest bird sculpture taxi"
kochi-airport,Kochi Airport,silent-valley-national-park,Silent Valley National Park,140,3.5 Hours,"national highway followed by winding, dense forest roads in Palakkad","Toyota Innova Crysta for safety and power on forest inclines","Thrissur bypass, Mannarkkad town","Travel safely into Kerala's most pristine tropical evergreen forest. This route requires skilled driving, and our verified chauffeurs are highly trained for forest terrains.","Mukkali Forest Checkpost (Base of Silent Valley)","Very early morning as forest entry is strictly regulated and limited to daylight hours","Silent Valley National Park is a unique, fiercely protected expanse of undisturbed tropical evergreen forest in the Nilgiri Hills. It is renowned for its incredible biodiversity and is one of the last remaining habitats of the endangered Lion-tailed Macaque.","Visitors must take government-approved safari jeeps from Mukkali to explore the forest. Key sights include the crystal-clear Kunthipuzha River, a massive 100-foot watchtower offering panoramic jungle views, and dense, silent woods.","Kochi Airport to Wayanad taxi","/24x7-kochi-airport-taxi-service/kochi-airport-to-wayanad-taxi/","kochi airport to silent valley taxi, palakkad forest cab, silent valley national park drop, mukkali checkpost taxi, eco tourism cab kerala"
kochi-airport,Kochi Airport,nileshwaram,Nileshwaram,310,8.5 Hours,"extremely long coastal highway spanning the Malabar region","Toyota Innova Crysta is mandatory for this long-haul VIP transfer","Kozhikode, Kannur bypass, and Payyanur","The ultimate cross-state premium transfer to the cultural capital of Kasaragod. Travel from central Kerala to the far north in complete air-conditioned luxury.","Nileshwaram Town Center or luxury backwater resorts","Very early morning to cover maximum distance during non-peak highway hours","Nileshwaram, located in the Kasaragod district, is a deeply historical town known for its royal heritage, ancient palaces, and pristine, uncrowded backwaters. It is often referred to as the cultural capital of Kerala's northernmost district.","Visitors love exploring the serene Valiyaparamba backwaters on traditional houseboats, visiting the historic Nileshwaram Palace, and experiencing authentic, high-end Ayurvedic retreats in the area.","Kochi Airport to Bekal Fort taxi","/24x7-kochi-airport-taxi-service/kochi-airport-to-bekal-taxi/","kochi to nileshwaram taxi, kochi airport to nileshwaram cab, kasaragod backwaters taxi, long distance taxi cross state kerala"
kochi-airport,Kochi Airport,gavi-kerala,Gavi (Pathanamthitta),170,5.5 Hours,"highways followed by extremely dense forest roads and steep ghat sections","Toyota Innova Crysta for power, clearance, and safety on rough forest routes","Mundakkayam and Kuttikkanam","Embark on a beautiful, rugged journey into the heart of Kerala's most famous eco-tourism spot. Relax in air-conditioned comfort while our expert drivers navigate the Western Ghats.","Gavi Forest Checkpost or KFDC Eco-Lodge","Very early morning to align with the strict forest entry timings at the checkpost","Gavi is a pristine, highly protected eco-tourism destination nestled deep within the Periyar Tiger Reserve. It gained immense popularity for its untouched wilderness, rolling grasslands, and abundant wildlife sightings including elephants and Nilgiri Tahrs.","Visitors can enjoy guided jungle safaris, boating on the serene Gavi Lake, trekking to Sabarimala viewpoints, and staying in the exclusive forest tents managed by the KFDC.","Kochi Airport to Thekkady taxi","/24x7-kochi-airport-taxi-service/kochi-airport-to-thekkady-taxi/","kochi airport to gavi taxi, gavi forest cab, pathanamthitta eco tourism taxi, innova for gavi trip, kerala forest safari cab"
kochi-airport,Kochi Airport,thiruvalla,Thiruvalla,110,3.0 Hours,"state highways passing through multiple central Kerala towns","Swift Dzire or Ertiga for standard family and NRI travel","Muvattupuzha, Koothattukulam, and Changanassery","A comfortable and direct cab service from the terminal to the heart of Pathanamthitta district. Ideal for NRI arrivals and family visits to central Kerala.","Thiruvalla Town Center or specific residential drops","Anytime, though early morning or late night helps avoid heavy daytime town traffic","Thiruvalla is a bustling, affluent town in the Pathanamthitta district, widely known as the 'NRI capital' of Kerala due to its large expatriate population. It perfectly blends urban development with serene, traditional Kerala backwater landscapes on its western borders.","The town is famous for the ancient Sree Vallabha Temple, one of the 108 Divya Desams, and the massive Paliakkara Church. Visitors also enjoy the tranquil, agricultural beauty of the Kuttanad region bordering the town.","Kochi Airport to Kottayam taxi","/24x7-kochi-airport-taxi-service/kochi-airport-to-kottayam-taxi/","kochi to thiruvalla taxi, kochi airport to thiruvalla cab, pathanamthitta district taxi, nri drop cab thiruvalla"
kochi-airport,Kochi Airport,changanassery,Changanassery,100,2.5 Hours,"state highways passing through rubber plantations and central towns","Swift Dzire or Ertiga for family and business travel","Muvattupuzha, Koothattukulam, and Kottayam bypass","Enjoy a scenic drive through the heartland of Kerala. A highly reliable drop service for both business travelers and families visiting the Kottayam district.","Changanassery Town Center or local residential drops","Anytime, though daytime offers scenic views of the central Kerala landscape","Changanassery is a major commercial and cultural hub in the Kottayam district, serving as a gateway between the high ranges and the Kuttanad backwaters. It is deeply known for its historical trade significance and religious harmony.","The town boasts prominent landmarks such as the vibrant Changanassery Market, the historic Parel St. Mary's Syro-Malabar Catholic Church, and the ancient Thrikkodithanam Mahadeva Temple nearby.","Kochi Airport to Alleppey taxi","/24x7-kochi-airport-taxi-service/kochi-airport-to-alleppey-taxi/","kochi to changanassery taxi, kochi airport to changanassery cab, kottayam district taxi service, central kerala cab kochi"
kochi-airport,Kochi Airport,blanket-hotel-munnar,Blanket Hotel & Spa Munnar,105,3.5 Hours,"winding mountain roads, sharp hairpin bends, and steep scenic climbs","Toyota Innova Crysta for premium comfort and stability on hills","Cheeyappara Waterfalls and Valara Waterfalls","Experience the ultimate scenic drive from the tropical coast directly to one of Munnar's finest luxury eco-hotels. Our expert hill-station drivers ensure a smooth, safe ascent.","Blanket Hotel & Spa Main Lobby (Pallivasal)","Early morning (6 AM - 9 AM) to avoid city traffic and enjoy the misty mountain views","Blanket Hotel & Spa is a premium 5-star luxury property situated near the spectacular Attukad Waterfalls in Pallivasal, Munnar. It is renowned for its eco-friendly practices, luxurious amenities, and breathtaking views of the surrounding tea plantations.","Guests can enjoy world-class spa treatments, infinity pools overlooking the valley, guided tea plantation walks, and easy access to the majestic Attukad Waterfalls right next to the property.","Kochi Airport to Munnar hill station taxi","/24x7-kochi-airport-taxi-service/kochi-airport-to-munnar-taxi/","kochi airport to blanket hotel taxi, luxury cab for munnar resorts, innova to blanket hotel, kochi airport munnar resort transfer, pallivasal taxi drop"
kochi-airport,Kochi Airport,medical-trust-kochi,Medical Trust Hospital Kochi,35,1.0 Hours,"city highways and busy urban roads","Swift Dzire or Innova depending on patient comfort requirements","Edappally bypass and MG Road","Prompt, comfortable, and stress-free airport transfers specifically for medical tourists arriving for treatment in the heart of Kochi city.","Medical Trust Hospital Main Entrance Pallimukku","Anytime (24x7 service for all incoming medical flights)","Medical Trust Hospital is one of the oldest and most trusted multi-specialty healthcare institutions in Kochi. Located in the bustling Pallimukku area, it is a pioneer in complex surgeries, cardiology, and comprehensive trauma care.","Being centrally located on MG Road, bystanders have immediate access to Kochi's major commercial hubs, hotels, and shopping centers like the Centre Square Mall.","Kochi Airport to Aster Medcity taxi","/24x7-kochi-airport-taxi-service/kochi-airport-to-aster-medcity-taxi/","kochi airport to medical trust hospital taxi, cab for medical trust kochi, mg road hospital taxi, kochi airport patient drop, fast medical cab kochi"
kochi-airport,Kochi Airport,kadampuzha-devi-temple,Kadampuzha Devi Temple,130,3.5 Hours,"coastal highway (NH66) moving northwards through bustling towns","Toyota Innova Crysta or Ertiga for a smooth highway pilgrimage journey","Thrissur bypass, Kunnamkulam, and Valanchery","Travel north with our expert intercity drivers. We ensure a safe, comfortable, and respectful journey to this highly revered Goddess temple in Malappuram.","Kadampuzha Devi Temple Main Entrance","Early morning to navigate through the busy NH66 intersections and attend morning poojas","The Kadampuzha Devi Temple, located in the Malappuram district, is a highly unique and powerful shrine dedicated to Goddess Parvati. Notably, the temple has no idol; the Goddess is worshipped in a pit, and it is famous for the unique 'Poomoodal' offering where the deity is completely covered with flowers.","Devotees visit primarily to perform the 'Muttarukkal' ritual to remove obstacles in life. The serene atmosphere of the temple provides a deeply spiritual experience.","Kochi Airport to Guruvayur Temple taxi","/24x7-kochi-airport-taxi-service/kochi-airport-to-guruvayur-taxi/","kochi airport to kadampuzha taxi, kadampuzha temple cab, kochi to malappuram temple drop, poomoodal temple taxi kerala, pilgrimage cab kochi"
kochi-airport,Kochi Airport,edakkal-caves-wayanad,Edakkal Caves Wayanad,260,7.5 Hours,"long highway stretches followed by the famous Thamarassery Churam and steep local roads","Toyota Innova Crysta for a long-haul comfortable mountain journey","Kozhikode bypass, Lakkidi Viewpoint, and Ambalavayal","Enjoy a premium, long-distance transfer to the historic peaks of Wayanad. Our experienced drivers easily handle the challenging mountain passes and the steep approach to the caves.","Edakkal Caves Base Parking Area","Very early morning to cross city limits before peak traffic and start the cave trek by midday","The Edakkal Caves are two natural alcoves set high in the Ambukuthi Hills of Wayanad. They are globally significant for housing ancient petroglyphs (rock carvings) dating back to the Neolithic age, offering a rare glimpse into prehistoric civilization.","Reaching the caves involves a steep, scenic trek up the hill, which is a major part of the experience. The surrounding area offers breathtaking panoramic views of the Wayanad landscape.","Kochi Airport to Wayanad taxi","/24x7-kochi-airport-taxi-service/kochi-airport-to-wayanad-taxi/","kochi to edakkal caves taxi, kochi airport to wayanad historical sites, innova kochi to edakkal, wayanad sightseeing cab, ambukuthi hills drop"
kochi-airport,Kochi Airport,vypin-island,Vypin Island,35,1.0 Hours,"smooth coastal village roads and massive backwater bridges","Swift Dzire or Ertiga for family beach trips","Kalamassery, Edappally, and Goshree Bridges","Touch down and head straight to the coast! A beautiful, breezy drive across the spectacular Goshree bridges directly to the vibrant Vypin Island.","Vypin Main Junction or local beach resorts","Anytime, perfect for enjoying the coastal breeze upon arrival","Vypin is a densely populated and incredibly scenic barrier island forming part of the city of Kochi. It stretches for 27 kilometers and is bordered by the Arabian Sea on the west and the Vembanad Lake on the east, famous for its beaches and lighthouses.","The island is home to the stunning Cherai Beach, Kuzhupilly Beach, the historic Ochanthuruth Lighthouse, and the massive Pallipuram Fort built by the Portuguese.","Kochi Airport to Cherai Beach taxi","/24x7-kochi-airport-taxi-service/kochi-airport-to-cherai-beach-taxi/","kochi airport to vypin taxi, vypin island cab, goshree bridge taxi, beach drop kochi airport, coastal tour cab kochi"
kochi-airport,Kochi Airport,malampuzha-dam,Malampuzha Dam,120,2.5 Hours,"smooth multi-lane national highway (NH544)","Swift Dzire or Ertiga for a fast highway cruise","Thrissur bypass, Kuthiran Tunnel, and Palakkad town","A rapid, smooth highway transfer to the largest reservoir in Kerala. We utilize the new tunnel routes to drastically cut down travel time and ensure your comfort.","Malampuzha Gardens Main Entrance","Early morning or late afternoon to enjoy the gardens without the harsh midday sun","Malampuzha Dam, located near Palakkad at the foothills of the Western Ghats, is the largest reservoir in Kerala. The area around the dam has been developed into a massive entertainment complex, drawing thousands of families and tourists.","The meticulously manicured Malampuzha Gardens are a massive attraction, along with the iconic Yakshi statue, a scenic ropeway ride across the gardens, a rock garden, and an adjacent amusement park.","Kochi Airport to Palakkad taxi","/24x7-kochi-airport-taxi-service/kochi-airport-to-palakkad-taxi/","kochi to malampuzha taxi, kochi airport to malampuzha dam cab, highway taxi to palakkad attractions, family tour cab kerala"
kochi-airport,Kochi Airport,malayattoor-church,Malayattoor Church,15,0.30 Hours,"smooth, short suburban and riverside roads","Swift Dzire for a quick and cost-effective local transfer","Kalady and Periyar riverbanks","The absolute fastest and most direct transfer from the airport to the sacred hills of Malayattoor. A smooth, 30-minute scenic ride along the river.","Malayattoor Base Camp (Kurisumudi Base)","Early morning to begin the pilgrimage trek up the hill in cool weather","Malayattoor is a highly revered Christian pilgrimage center located on the banks of the Periyar River. It is famous for the Kurisumudi mountain, where St. Thomas the Apostle is believed to have prayed and left his footprints.","The primary activity is the spiritual trek up the Kurisumudi hill, especially during the Lenten season. The beautiful St. Thomas International Shrine at the peak offers stunning views of the river and forests below.","Kochi Airport to Kalady taxi","/24x7-kochi-airport-taxi-service/kochi-airport-to-kalady-taxi/","kochi airport to malayattoor taxi, malayattoor church cab, fast cab to malayattoor, kochi airport pilgrimage drop, kurisumudi taxi"
kochi-airport,Kochi Airport,niraamaya-retreats-kovalam,Niraamaya Retreats Surya Samudra Kovalam,230,5.5 Hours,"long coastal highway (NH66) requiring a comfortable VIP vehicle","Toyota Innova Crysta for premium long-haul comfort","Kollam Backwaters and Trivandrum City bypass","A long, luxurious coastal drive from Kochi straight to one of India's most exclusive cliffside wellness retreats. Sit back, relax, and enjoy the premium VIP service.","Niraamaya Retreats Surya Samudra Reception","Very early morning or late night to bypass heavy daytime traffic","Niraamaya Retreats Surya Samudra is an incredibly luxurious, award-winning wellness resort located on a dramatic cliff edge in Kovalam. It is famous for its traditional Kerala heritage cottages (Tharavads) and its globally recognized Ayurvedic spa.","Guests experience ultimate privacy with secluded beaches, world-class Ayurvedic wellness programs, infinity pools blending into the Arabian Sea, and exceptional fine dining.","Kochi Airport to Leela Kovalam taxi","/24x7-kochi-airport-taxi-service/kochi-airport-to-leela-kovalam-taxi/","kochi airport to niraamaya kovalam taxi, surya samudra resort cab, luxury taxi to trivandrum wellness retreats, innova kochi to kovalam resorts"
kochi-airport,Kochi Airport,kodungallur,Kodungallur,35,1.0 Hours,"smooth coastal highway and suburban roads","Swift Dzire or Ertiga for quick family and heritage travel","North Paravur and Kottappuram","A highly efficient airport transfer to the ancient port city of Kerala. Smooth driving ensures you reach the historic sites of Kodungallur in just an hour.","Kodungallur Bhagavathy Temple or Town Center","Anytime, perfectly suited for historical day tours","Kodungallur, historically known as Muziris, is an ancient port city in the Thrissur district that served as the gateway for multiple world religions into India. It is steeped in profound historical and cultural significance.","The town is home to the powerful Kodungallur Bhagavathy Temple, the Cheraman Juma Masjid (the first mosque in India), and the Marthoma Pontifical Shrine, making it a unique hub of religious history.","Kochi Airport to Thrissur taxi","/24x7-kochi-airport-taxi-service/kochi-airport-to-thrissur-taxi/","kochi to kodungallur taxi, kochi airport to kodungallur cab, muziris heritage taxi, ancient port city cab kochi"