package_slug,package_name,duration,destinations,ideal_for,premium_vehicle,hero_image,meta_desc,package_overview,day_1_plan,day_2_plan,day_3_plan,day_4_plan,day_5_plan,day_6_plan,day_7_plan,inclusions,route_keywords,vehicle_keywords,internal_link_text,internal_link_url,faq1_q,faq1_a,faq2_q,faq2_a,faq3_q,faq3_a
5-day-kerala-family-package,5-Day Premium Kerala Family Holiday,4 Nights / 5 Days,Kochi - Munnar - Thekkady - Alleppey,Families & Small Groups,Innova Crysta or Urbania,/Pic_Best%20Urbania%20Rentals%20In%20Kochi.jpeg,Experience the best of Kerala with our 5-day premium family tour covering Munnar, Thekkady, and Alleppey houseboats.,This 5-day bespoke family itinerary perfectly balances cool mountain tea gardens with the tranquil backwaters. We handle all ground logistics with English-speaking drivers so you can focus on creating memories.,Arrival in Kochi & VIP Transfer to Munnar. Enjoy Cheeyappara and Valara waterfalls on the scenic drive.,Munnar Sightseeing: Eravikulam National Park to spot Nilgiri Tahr & Tea Museum.,Transfer to Thekkady. Enjoy the Periyar Wildlife Safari and local spice plantation tours.,Transfer to Alleppey. Check into a private premium houseboat for a cruise and overnight stay.,Morning checkout from the houseboat and safe transfer back to Kochi Airport for departure.,,,Private AC Vehicle, English-Speaking Driver, Tolls & Parking, Fuel, Driver Allowance,"Kochi to Munnar family trip, Munnar to Thekkady route, Alleppey houseboat from Kochi","Innova Crysta rental Kochi, Force Urbania family tour, Kerala tourist taxi",Need an airport transfer only? Book our Kochi Airport Taxi.,/taxi/kochi-airport/,Is this 5-day tour suitable for children and seniors?,Yes. The pacing is relaxed and our Innova Crysta and Force Urbania vehicles provide superior suspension for comfortable travel on hill roads.,Are houseboat meals included?,Yes all meals (lunch dinner and breakfast) are traditionally included during your overnight houseboat stay in Alleppey.,Can we customize the pickup time from Kochi Airport?,Absolutely. We operate 24/7 and will adjust the itinerary based on your exact flight arrival time.
7-day-luxury-kerala-honeymoon,7-Day Luxury Kerala Honeymoon,6 Nights / 7 Days,Kochi - Munnar - Thekkady - Kumarakom - Marari,Honeymooners & Couples,Luxury Sedan or Innova Crysta,/Mobile%20View%20Kerala-clean.jpg,A romantic 7-day luxury Kerala honeymoon package featuring private houseboats, premium hill resorts, and pristine beaches.,Designed exclusively for couples seeking romance and privacy. This week-long journey takes you from the misty hills of Munnar to the world-class luxury resorts of Kumarakom and Marari beach.,VIP Meet & Greet at Kochi Airport and transfer to a luxury resort in Munnar.,Explore Munnar: Private tea tasting, romantic walks through Eravikulam National Park.,Drive to Thekkady. Private boating on Periyar Lake and evening couples Ayurvedic spa.,Transfer to Kumarakom. Check into a 5-star lakeside luxury resort and enjoy a sunset cruise.,Transfer to Marari Beach. Check into a boutique beach villa and relax by the Arabian Sea.,Leisure day at Marari Beach with private sunset dining.,Transfer to Kochi Airport for departure.,Private AC Vehicle, English-Speaking Driver, Tolls & Parking, Fuel, Driver Allowance,"Kochi to Munnar honeymoon tour, Kumarakom luxury resorts route, Marari beach coastal drive","Premium Sedan rental Kochi, Innova Crysta honeymoon cab, chauffeur driven luxury car Kerala",Explore our South India Tour Packages.,/south-india-tours/,How private is the houseboat in Kumarakom?,You will have a fully private premium houseboat exclusively for you and your partner with a dedicated chef and captain.,Is night driving involved in this itinerary?,No we schedule all transits during daylight hours to ensure your safety and allow you to enjoy the scenic views.,What type of vehicle is used for honeymoon packages?,We typically deploy premium luxury sedans (like Etios/Dzire) or a spacious Toyota Innova Crysta for maximum comfort.
4-day-kerala-backwaters-tour,4-Day Kerala Backwaters & Heritage Tour,3 Nights / 4 Days,Kochi - Fort Kochi - Alleppey,Short Vacations & Weekend Getaways,Chauffeur-Driven Innova Crysta,/Pic_Kochi%20Tempo%20Traveller%2012%20seater.jpeg,Explore the heritage of Fort Kochi and the serene Alleppey backwaters on this premium 4-day guided tour.,Perfect for international travelers with limited time who want to experience Kerala's most iconic cultural and coastal highlights. Immerse yourself in colonial history before relaxing on a traditional houseboat.,Arrival in Kochi. Transfer to Fort Kochi heritage hotel. Evening stroll by the Chinese Fishing Nets.,Fort Kochi & Mattancherry Sightseeing: Jew Town, Synagogue, and St. Francis Church.,Transfer to Alleppey. Check into a premium private houseboat for an overnight backwater cruise.,Morning checkout and smooth transfer back to Kochi Airport.,,,,Private AC Vehicle, English-Speaking Driver, Tolls & Parking, Fuel, Driver Allowance,"Fort Kochi heritage walk route, Kochi to Alleppey backwater drive, Ernakulam coastal transit","Innova Crysta Kochi to Alleppey, Kerala short tour taxi, premium cab for backwaters",Need a larger vehicle? Check our Tempo Traveller rentals.,/tempo-traveller-rentals-kochi-kerala/,Can we skip Fort Kochi and go straight to Alleppey?,Yes our itineraries are fully customizable. If your flight lands late we can take you directly to your Alleppey resort.,Are entrance fees to heritage sites included?,We cover all transport tolls and parking. Entrance fees to specific monuments are usually paid directly at the counter.,Is the driver fluent in English?,Yes we specifically assign verified English-speaking chauffeurs for our international and NRI guests.
7-day-nri-group-tour,7-Day NRI Large Family Group Tour,6 Nights / 7 Days,Kochi - Munnar - Thekkady - Alleppey - Kochi,Large Families & NRIs,Force Urbania or Tempo Traveller,/Pic_26%20seater%20tempo%20traveller%20kochi.jpg,Premium 7-day Kerala group tour designed for NRIs and large families featuring luxury Force Urbania transport.,Coordinating a large family vacation from abroad is stressful. We make it seamless. This package utilizes our flagship high-capacity vehicles ensuring your entire family travels together safely and comfortably.,VIP Airport Meet & Greet at Kochi. Group transfer to Munnar via luxury coach.,Full day Munnar sightseeing. Group tea plantation walks and Echo Point visit.,Drive to Thekkady. Group elephant rides and spice garden tours.,Periyar Lake boating in the morning. Afternoon leisure and local martial arts show.,Drive to Alleppey. Board a massive multi-bedroom private houseboat for the entire family.,Disembark houseboat. Drive to Kochi for a final day of shopping and cultural immersion.,Drop-off at Kochi International Airport.,Private Group Coach, English-Speaking Driver, Tolls & Parking, Fuel, Driver Allowance,"Kochi to Munnar group travel route, Munnar to Thekkady coach route, Alleppey group houseboat transit","Force Urbania rental Kochi, 26 seater Tempo Traveller Kerala, luxury coach for NRI tours",Learn more about our Force Urbania luxury rentals.,/urbania-rental/,Does the Force Urbania have enough luggage space for international travelers?,Yes the Force Urbania features massive dedicated internal boot space designed specifically for heavy international luggage.,Can the large vehicles navigate the Munnar hills safely?,Absolutely. Our Tempo Travellers and Urbanias are heavy-duty hill-certified vehicles driven by expert mountain chauffeurs.,Do we stay on one houseboat or multiple?,For large groups we arrange massive 4 to 6-bedroom premium houseboats so the entire family stays together.
6-day-ayurveda-wellness,6-Day Kerala Ayurveda & Wellness Retreat,5 Nights / 6 Days,Kochi - Kumarakom - Marari,Wellness Seekers & Seniors,Luxury Sedan or Innova Crysta,/Pic_Cochin%20Airport%20Urbania%20Rentals.jpeg,Rejuvenate your mind and body with our 6-day Kerala Ayurveda and wellness retreat transport package.,Tailored for foreign tourists seeking healing and tranquility. This itinerary focuses on slow travel, minimizing driving times, and maximizing your stay at Kerala's top-tier Ayurvedic resorts.,Pickup from Kochi Airport. Direct transfer to a certified Ayurvedic wellness resort in Kumarakom.,Full day of wellness treatments, yoga, and Ayurvedic massages by the backwaters.,Morning meditation. Afternoon transfer to a serene beachside wellness center in Marari.,Full day of customized Ayurvedic therapies and beach relaxation.,Leisure day for mindful walks, organic dining, and final wellness consultations.,Relaxed morning checkout and safe transfer back to Kochi Airport.,,Private AC Vehicle, English-Speaking Driver, Tolls & Parking, Fuel, Driver Allowance,"Kochi to Kumarakom wellness route, Kumarakom to Marari beach drive, Kerala Ayurveda travel","Comfortable Innova Crysta for seniors, Luxury sedan Kerala, relaxing medical tourist transport",Explore our Kochi Airport taxi services for medical tourists.,/taxi/kochi-airport/,Are the Ayurvedic treatments included in the cab price?,This package strictly covers your premium ground logistics. You have the freedom to choose and pay for your resort and treatments directly.,Is the driving fast-paced?,No. This is a wellness package so our drivers are instructed to drive smoothly slowly and take as many breaks as you require.,Can the driver recommend authentic Ayurvedic centers?,Yes our local experts know the most certified and traditional Ayurvedic centers avoiding the commercial tourist traps.
7-day-kerala-wildlife,7-Day Kerala Nature & Wildlife Expedition,6 Nights / 7 Days,Kochi - Athirapally - Munnar - Thekkady,Nature Lovers & Photographers,Innova Crysta or Urbania,/Pic_Force%20Tempo%20Traveller%20Rentals%20Kochi%20to%20Munnar.jpg,Discover the untamed beauty of Kerala with this 7-day wildlife and waterfall expedition.,Designed for international nature enthusiasts and photographers. Witness the majesty of Athirapally waterfalls and the deep jungles of Periyar with our expert local drivers navigating the terrain safely.,Arrival at Kochi. Direct transfer to Athirapally. View the majestic Niagara of India.,Morning jungle trek. Afternoon scenic drive ascending into the Munnar hills.,Explore Munnar's high-altitude flora and fauna at Eravikulam National Park.,Drive to Thekkady. Evening guided nature walk along the forest fringes.,Early morning Periyar Tiger Reserve bamboo rafting and jungle safari.,Visit local elephant camps and organic spice farms in Kumily.,Transfer safely back down the hills to Kochi Airport for departure.,Private AC Vehicle, English-Speaking Driver, Tolls & Parking, Fuel, Driver Allowance,"Kochi to Athirapally falls route, Athirapally to Munnar forest drive, Thekkady wildlife sanctuary road","Innova Crysta wildlife tour, Force Urbania nature trip, rugged terrain tourist cab Kerala",View our full South India Tour offerings.,/south-india-tours/,Can we stop for wildlife photography on the road?,Yes this is a private tour. You can request the driver to stop safely at scenic viewpoints for photography at any time.,Are the forest roads safe?,We use premium vehicles with heavy-duty suspension and our drivers are highly experienced in navigating Kerala's forest ghat sections safely.,Do you arrange the jungle safari tickets?,We provide the transportation to the Periyar tiger reserve gates. Safari tickets must be booked online by the guest in advance due to forest department rules.
5-day-coastal-escape,5-Day South Kerala Coastal Escape,4 Nights / 5 Days,Kochi - Marari - Alleppey - Kochi,Beach Lovers & Relaxed Travelers,Chauffeur-Driven Innova Crysta,/Mobile%20View%20Kerala-clean.jpg,A relaxing 5-day coastal tour of Kerala featuring the pristine sands of Marari and the backwaters of Alleppey.,Escape the busy tourist traps. This slow-paced itinerary is designed for maximum relaxation, focusing strictly on Kerala's world-renowned tropical coastline and luxury beach villas.,Arrival in Kochi. Smooth transfer down the coastal highway to Marari Beach.,Full day at leisure on the pristine, white sands of Marari.,Short drive to Alleppey. Board your luxury houseboat for an afternoon cruise and overnight stay.,Disembark and drive to Fort Kochi. Enjoy an evening sunset harbor cruise.,Morning heritage walk in Fort Kochi followed by an airport drop-off.,,,Private AC Vehicle, English-Speaking Driver, Tolls & Parking, Fuel, Driver Allowance,"Kochi to Marari beach route, Marari coastal highway drive, Alleppey backwater roads","Innova Crysta coastal tour, premium sedan for beach resorts, luxury cab Kerala",See our Force Urbania options for luxury groups.,/urbania-rental/,Is Marari Beach safe for swimming?,Yes Marari is one of the cleanest and safest beaches in Kerala for swimming though we advise checking local tidal warnings with your resort.,How far is Marari from Kochi Airport?,Marari Beach is approximately 75 kilometers from Kochi Airport taking about 2 hours via the coastal highway in our premium cabs.,Can we add a visit to Varkala to this tour?,Yes we can customize this itinerary to include Varkala Beach for an additional cost depending on your flight schedule.
7-day-kerala-culture-heritage,7-Day Complete Kerala Cultural Immersion,6 Nights / 7 Days,Kochi - Thrissur - Cheruthuruthy - Kumarakom,Culture Enthusiasts & Historians,Innova Crysta or Tempo Traveller,/Pic_Maharaja%20seat%20tempo%20traveller%20kochi.jpg,Immerse yourself in the deep history, arts, and traditions of Kerala with this 7-day cultural heritage tour.,Go beyond the standard tourist trail. This package is specifically designed for foreign tourists eager to experience authentic Kathakali performances, ancient temple architecture, and traditional village life.,Kochi Airport pickup. Transfer to Fort Kochi to explore colonial Dutch and Portuguese history.,Drive to Thrissur, the cultural capital. Visit ancient temples and local artisan markets.,Transfer to Cheruthuruthy to visit the Kerala Kalamandalam (Academy of Performing Arts).,Drive south to the backwater village of Kumarakom. Experience traditional pottery and weaving.,Full day experiencing authentic village life and local Kerala culinary tours.,Board a houseboat to see how locals live along the vast canal networks.,Disembark and transfer to Kochi Airport.,Private AC Vehicle, English-Speaking Driver, Tolls & Parking, Fuel, Driver Allowance,"Kochi to Thrissur cultural route, Thrissur to Cheruthuruthy drive, Kumarakom village backroads","Innova Crysta heritage tour, Tempo Traveller for cultural trips, English speaking driver Kerala",Need a tempo traveller for your cultural group? Click here.,/tempo-traveller-rentals-kochi-kerala/,Can the driver act as a cultural guide?,While our chauffeurs are highly knowledgeable locals with excellent English they are not licensed historians. We can arrange specialized guides at monuments if required.,What is the best time for this cultural tour?,The winter months from October to March offer the best weather for walking tours and visiting ancient heritage sites.,Are temple dress codes strict?,Yes most traditional Kerala temples require men to wear dhotis and women to wear sarees or long skirts. Your driver will brief you beforehand.
3-day-kerala-transit,3-Day Quick Kerala Backwater Transit,2 Nights / 3 Days,Kochi - Alleppey - Kochi,Transit Travelers & Stopovers,Luxury Sedan or Innova Crysta,/Pic_Cochin%20Airport%20Taxi%20Service%20Maruti%20Ertiga.jpeg,A perfect 3-day micro-tour of Kerala's famous backwaters for international travelers on a tight schedule.,Got a short layover or a brief weekend? We maximize your 72 hours in Kerala with hyper-efficient logistics, taking you straight from the airport to a luxury houseboat.,VIP Kochi Airport pickup. Direct, swift transfer to Alleppey to board your houseboat by noon.,Wake up on the backwaters. Disembark and transfer to Fort Kochi for a half-day heritage tour.,Morning souvenir shopping in Kochi followed by a timely drop-off at the airport.,,,,,Private AC Vehicle, English-Speaking Driver, Tolls & Parking, Fuel, Driver Allowance,"Kochi Airport to Alleppey direct route, Alleppey to Fort Kochi transit, rapid Kerala travel","Kochi airport taxi service, Innova Crysta short trip, fast transit cab Kerala",Book a direct Kochi Airport Taxi here.,/taxi/kochi-airport/,What if my flight arrives late at night?,Our airport pickup service operates 24/7. We will safely transfer you to a hotel in Kochi for the night and begin the backwater tour the next morning.,Is a 3-day trip worth it?,Absolutely. We optimize the logistics to ensure you experience the houseboat and heritage sites without feeling rushed.,Can I upgrade the vehicle?,Yes you can upgrade from a sedan to an Innova Crysta or Urbania depending on your comfort preferences and luggage size.
7-day-north-kerala-wayanad,7-Day Premium North Kerala & Wayanad Tour,6 Nights / 7 Days,Kochi - Calicut - Wayanad - Kochi,Off-the-Beaten-Path Travelers,Innova Crysta or Urbania,/Pic_Best%20Urbania%20Rentals%20In%20Kochi.jpeg,Explore the untouched beauty of North Kerala with this premium 7-day Wayanad tour package.,For returning international tourists looking for something new. North Kerala offers pristine forests, ancient caves, and incredible culinary histories without the heavy crowds of the south.,Kochi Airport pickup. Scenic coastal drive up to Calicut (Kozhikode).,Explore Calicut's spice markets and history. Afternoon drive up the ghats to Wayanad.,Full day Wayanad: Visit the prehistoric Edakkal Caves and Soochipara Waterfalls.,Wayanad wildlife tracking at Muthanga Wildlife Sanctuary and tea estate walks.,Descend the hills and drive to the historic forts of North Kerala or relax at a resort.,Leisurely drive back down the coast toward Ernakulam/Kochi.,Final shopping in Kochi and transfer to the Airport.,Private AC Vehicle, English-Speaking Driver, Tolls & Parking, Fuel, Driver Allowance,"Kochi to Calicut coastal highway, Calicut to Wayanad Thamarassery Churam, North Kerala tourist route","Innova Crysta North Kerala tour, Force Urbania Wayanad trip, robust hill station cab",See our Force Urbania rentals for hill station luxury.,/urbania-rental/,Is the drive to Wayanad steep?,Yes the route involves the famous Thamarassery Churam with numerous hairpin bends. Our expert drivers and robust vehicles ensure a safe and smooth ascent.,What is the weather like in Wayanad?,Wayanad is a high-altitude district so the climate remains cool and misty year-round making it a perfect retreat.,Are the Edakkal Caves difficult to climb?,The hike to the caves is moderately steep and involves uneven rocks. We advise wearing comfortable trekking shoes and checking your fitness level.